"file","topic","sentiment","opinion","node"
"kandidat_1",1,"negative",-1,"topic_1_negative"
"kandidat_1",2,"negative",-1,"topic_2_negative"
"kandidat_1",3,"negative",-1,"topic_3_negative"
"kandidat_1",4,"negative",-1,"topic_4_negative"
"kandidat_1",5,"positive",1,"topic_5_positive"
"kandidat_1",6,"positive",1,"topic_6_positive"
"kandidat_1",7,"positive",1,"topic_7_positive"
"kandidat_1",8,"positive",1,"topic_8_positive"
"kandidat_1",9,"positive",1,"topic_9_positive"
"kandidat_1",10,"positive",1,"topic_10_positive"
"kandidat_2",1,"negative",-1,"topic_1_negative"
"kandidat_2",2,"negative",-1,"topic_2_negative"
"kandidat_2",3,"positive",1,"topic_3_positive"
"kandidat_2",4,"positive",1,"topic_4_positive"
"kandidat_2",5,"positive",1,"topic_5_positive"
"kandidat_2",6,"negative",-1,"topic_6_negative"
"kandidat_2",7,"negative",-1,"topic_7_negative"
"kandidat_2",8,"positive",1,"topic_8_positive"
"kandidat_2",9,"positive",1,"topic_9_positive"
"kandidat_2",10,"positive",1,"topic_10_positive"
"kandidat_3",1,"negative",-1,"topic_1_negative"
"kandidat_3",2,"negative",-1,"topic_2_negative"
"kandidat_3",3,"positive",1,"topic_3_positive"
"kandidat_3",4,"negative",-1,"topic_4_negative"
"kandidat_3",5,"positive",1,"topic_5_positive"
"kandidat_3",6,"positive",1,"topic_6_positive"
"kandidat_3",7,"negative",-1,"topic_7_negative"
"kandidat_3",8,"positive",1,"topic_8_positive"
"kandidat_3",9,"positive",1,"topic_9_positive"
"kandidat_3",10,"positive",1,"topic_10_positive"
"kandidat_4",1,"negative",-1,"topic_1_negative"
"kandidat_4",2,"negative",-1,"topic_2_negative"
"kandidat_4",3,"negative",-1,"topic_3_negative"
"kandidat_4",4,"negative",-1,"topic_4_negative"
"kandidat_4",5,"positive",1,"topic_5_positive"
"kandidat_4",6,"negative",-1,"topic_6_negative"
"kandidat_4",7,"negative",-1,"topic_7_negative"
"kandidat_4",8,"positive",1,"topic_8_positive"
"kandidat_4",9,"positive",1,"topic_9_positive"
"kandidat_4",10,"positive",1,"topic_10_positive"
"kandidat_5",1,"negative",-1,"topic_1_negative"
"kandidat_5",2,"negative",-1,"topic_2_negative"
"kandidat_5",3,"positive",1,"topic_3_positive"
"kandidat_5",4,"negative",-1,"topic_4_negative"
"kandidat_5",5,"positive",1,"topic_5_positive"
"kandidat_5",6,"negative",-1,"topic_6_negative"
"kandidat_5",7,"positive",1,"topic_7_positive"
"kandidat_5",8,"positive",1,"topic_8_positive"
"kandidat_5",9,"positive",1,"topic_9_positive"
"kandidat_5",10,"positive",1,"topic_10_positive"
"kandidat_6",1,"negative",-1,"topic_1_negative"
"kandidat_6",2,"negative",-1,"topic_2_negative"
"kandidat_6",3,"negative",-1,"topic_3_negative"
"kandidat_6",4,"positive",1,"topic_4_positive"
"kandidat_6",5,"positive",1,"topic_5_positive"
"kandidat_6",6,"positive",1,"topic_6_positive"
"kandidat_6",7,"positive",1,"topic_7_positive"
"kandidat_6",8,"positive",1,"topic_8_positive"
"kandidat_6",9,"positive",1,"topic_9_positive"
"kandidat_6",10,"positive",1,"topic_10_positive"
"kandidat_7",1,"negative",-1,"topic_1_negative"
"kandidat_7",2,"positive",1,"topic_2_positive"
"kandidat_7",3,"positive",1,"topic_3_positive"
"kandidat_7",4,"positive",1,"topic_4_positive"
"kandidat_7",5,"positive",1,"topic_5_positive"
"kandidat_7",6,"negative",-1,"topic_6_negative"
"kandidat_7",7,"negative",-1,"topic_7_negative"
"kandidat_7",8,"positive",1,"topic_8_positive"
"kandidat_7",9,"positive",1,"topic_9_positive"
"kandidat_7",10,"negative",-1,"topic_10_negative"
"kandidat_8",1,"negative",-1,"topic_1_negative"
"kandidat_8",2,"negative",-1,"topic_2_negative"
"kandidat_8",3,"positive",1,"topic_3_positive"
"kandidat_8",4,"positive",1,"topic_4_positive"
"kandidat_8",5,"positive",1,"topic_5_positive"
"kandidat_8",6,"positive",1,"topic_6_positive"
"kandidat_8",7,"negative",-1,"topic_7_negative"
"kandidat_8",8,"positive",1,"topic_8_positive"
"kandidat_8",9,"positive",1,"topic_9_positive"
"kandidat_8",10,"positive",1,"topic_10_positive"
"kandidat_9",1,"negative",-1,"topic_1_negative"
"kandidat_9",2,"negative",-1,"topic_2_negative"
"kandidat_9",3,"negative",-1,"topic_3_negative"
"kandidat_9",4,"negative",-1,"topic_4_negative"
"kandidat_9",5,"positive",1,"topic_5_positive"
"kandidat_9",6,"negative",-1,"topic_6_negative"
"kandidat_9",7,"negative",-1,"topic_7_negative"
"kandidat_9",8,"positive",1,"topic_8_positive"
"kandidat_9",9,"positive",1,"topic_9_positive"
"kandidat_9",10,"positive",1,"topic_10_positive"
"kandidat_10",1,"negative",-1,"topic_1_negative"
"kandidat_10",2,"negative",-1,"topic_2_negative"
"kandidat_10",3,"negative",-1,"topic_3_negative"
"kandidat_10",4,"negative",-1,"topic_4_negative"
"kandidat_10",5,"positive",1,"topic_5_positive"
"kandidat_10",6,"negative",-1,"topic_6_negative"
"kandidat_10",7,"negative",-1,"topic_7_negative"
"kandidat_10",8,"positive",1,"topic_8_positive"
"kandidat_10",9,"positive",1,"topic_9_positive"
"kandidat_10",10,"positive",1,"topic_10_positive"
"kandidat_11",1,"negative",-1,"topic_1_negative"
"kandidat_11",2,"negative",-1,"topic_2_negative"
"kandidat_11",3,"negative",-1,"topic_3_negative"
"kandidat_11",4,"negative",-1,"topic_4_negative"
"kandidat_11",5,"negative",-1,"topic_5_negative"
"kandidat_11",6,"positive",1,"topic_6_positive"
"kandidat_11",7,"positive",1,"topic_7_positive"
"kandidat_11",8,"negative",-1,"topic_8_negative"
"kandidat_11",9,"positive",1,"topic_9_positive"
"kandidat_11",10,"positive",1,"topic_10_positive"
"kandidat_12",1,"negative",-1,"topic_1_negative"
"kandidat_12",2,"positive",1,"topic_2_positive"
"kandidat_12",3,"negative",-1,"topic_3_negative"
"kandidat_12",4,"negative",-1,"topic_4_negative"
"kandidat_12",5,"positive",1,"topic_5_positive"
"kandidat_12",6,"negative",-1,"topic_6_negative"
"kandidat_12",7,"negative",-1,"topic_7_negative"
"kandidat_12",8,"positive",1,"topic_8_positive"
"kandidat_12",9,"positive",1,"topic_9_positive"
"kandidat_12",10,"negative",-1,"topic_10_negative"
"kandidat_13",1,"negative",-1,"topic_1_negative"
"kandidat_13",2,"positive",1,"topic_2_positive"
"kandidat_13",3,"negative",-1,"topic_3_negative"
"kandidat_13",4,"negative",-1,"topic_4_negative"
"kandidat_13",5,"positive",1,"topic_5_positive"
"kandidat_13",6,"positive",1,"topic_6_positive"
"kandidat_13",7,"negative",-1,"topic_7_negative"
"kandidat_13",8,"positive",1,"topic_8_positive"
"kandidat_13",9,"positive",1,"topic_9_positive"
"kandidat_13",10,"positive",1,"topic_10_positive"
"kandidat_14",1,"negative",-1,"topic_1_negative"
"kandidat_14",2,"negative",-1,"topic_2_negative"
"kandidat_14",3,"negative",-1,"topic_3_negative"
"kandidat_14",4,"negative",-1,"topic_4_negative"
"kandidat_14",5,"positive",1,"topic_5_positive"
"kandidat_14",6,"negative",-1,"topic_6_negative"
"kandidat_14",7,"positive",1,"topic_7_positive"
"kandidat_14",8,"positive",1,"topic_8_positive"
"kandidat_14",9,"positive",1,"topic_9_positive"
"kandidat_14",10,"positive",1,"topic_10_positive"
"kandidat_15",1,"negative",-1,"topic_1_negative"
"kandidat_15",2,"negative",-1,"topic_2_negative"
"kandidat_15",3,"negative",-1,"topic_3_negative"
"kandidat_15",4,"negative",-1,"topic_4_negative"
"kandidat_15",5,"positive",1,"topic_5_positive"
"kandidat_15",6,"negative",-1,"topic_6_negative"
"kandidat_15",7,"positive",1,"topic_7_positive"
"kandidat_15",8,"positive",1,"topic_8_positive"
"kandidat_15",9,"positive",1,"topic_9_positive"
"kandidat_15",10,"positive",1,"topic_10_positive"
"kandidat_16",1,"negative",-1,"topic_1_negative"
"kandidat_16",2,"negative",-1,"topic_2_negative"
"kandidat_16",3,"positive",1,"topic_3_positive"
"kandidat_16",4,"negative",-1,"topic_4_negative"
"kandidat_16",5,"positive",1,"topic_5_positive"
"kandidat_16",6,"positive",1,"topic_6_positive"
"kandidat_16",7,"positive",1,"topic_7_positive"
"kandidat_16",8,"positive",1,"topic_8_positive"
"kandidat_16",9,"positive",1,"topic_9_positive"
"kandidat_16",10,"positive",1,"topic_10_positive"
"kandidat_17",1,"negative",-1,"topic_1_negative"
"kandidat_17",2,"negative",-1,"topic_2_negative"
"kandidat_17",3,"negative",-1,"topic_3_negative"
"kandidat_17",4,"negative",-1,"topic_4_negative"
"kandidat_17",5,"positive",1,"topic_5_positive"
"kandidat_17",6,"negative",-1,"topic_6_negative"
"kandidat_17",7,"negative",-1,"topic_7_negative"
"kandidat_17",8,"positive",1,"topic_8_positive"
"kandidat_17",9,"positive",1,"topic_9_positive"
"kandidat_17",10,"positive",1,"topic_10_positive"
"kandidat_18",1,"negative",-1,"topic_1_negative"
"kandidat_18",2,"negative",-1,"topic_2_negative"
"kandidat_18",3,"negative",-1,"topic_3_negative"
"kandidat_18",4,"negative",-1,"topic_4_negative"
"kandidat_18",5,"positive",1,"topic_5_positive"
"kandidat_18",6,"negative",-1,"topic_6_negative"
"kandidat_18",7,"positive",1,"topic_7_positive"
"kandidat_18",8,"negative",-1,"topic_8_negative"
"kandidat_18",9,"positive",1,"topic_9_positive"
"kandidat_18",10,"positive",1,"topic_10_positive"
"kandidat_19",1,"negative",-1,"topic_1_negative"
"kandidat_19",2,"positive",1,"topic_2_positive"
"kandidat_19",3,"negative",-1,"topic_3_negative"
"kandidat_19",4,"positive",1,"topic_4_positive"
"kandidat_19",5,"positive",1,"topic_5_positive"
"kandidat_19",6,"positive",1,"topic_6_positive"
"kandidat_19",7,"negative",-1,"topic_7_negative"
"kandidat_19",8,"negative",-1,"topic_8_negative"
"kandidat_19",9,"positive",1,"topic_9_positive"
"kandidat_19",10,"positive",1,"topic_10_positive"
"kandidat_20",1,"positive",1,"topic_1_positive"
"kandidat_20",2,"positive",1,"topic_2_positive"
"kandidat_20",3,"negative",-1,"topic_3_negative"
"kandidat_20",4,"positive",1,"topic_4_positive"
"kandidat_20",5,"negative",-1,"topic_5_negative"
"kandidat_20",6,"negative",-1,"topic_6_negative"
"kandidat_20",7,"negative",-1,"topic_7_negative"
"kandidat_20",8,"positive",1,"topic_8_positive"
"kandidat_20",9,"positive",1,"topic_9_positive"
"kandidat_20",10,"negative",-1,"topic_10_negative"
"kandidat_21",1,"negative",-1,"topic_1_negative"
"kandidat_21",2,"positive",1,"topic_2_positive"
"kandidat_21",3,"negative",-1,"topic_3_negative"
"kandidat_21",4,"positive",1,"topic_4_positive"
"kandidat_21",5,"positive",1,"topic_5_positive"
"kandidat_21",6,"negative",-1,"topic_6_negative"
"kandidat_21",7,"negative",-1,"topic_7_negative"
"kandidat_21",8,"positive",1,"topic_8_positive"
"kandidat_21",9,"positive",1,"topic_9_positive"
"kandidat_21",10,"negative",-1,"topic_10_negative"
"kandidat_22",1,"positive",1,"topic_1_positive"
"kandidat_22",2,"negative",-1,"topic_2_negative"
"kandidat_22",3,"negative",-1,"topic_3_negative"
"kandidat_22",4,"positive",1,"topic_4_positive"
"kandidat_22",5,"negative",-1,"topic_5_negative"
"kandidat_22",6,"negative",-1,"topic_6_negative"
"kandidat_22",7,"positive",1,"topic_7_positive"
"kandidat_22",8,"positive",1,"topic_8_positive"
"kandidat_22",9,"positive",1,"topic_9_positive"
"kandidat_22",10,"positive",1,"topic_10_positive"
"kandidat_23",1,"positive",1,"topic_1_positive"
"kandidat_23",2,"positive",1,"topic_2_positive"
"kandidat_23",3,"negative",-1,"topic_3_negative"
"kandidat_23",4,"positive",1,"topic_4_positive"
"kandidat_23",5,"negative",-1,"topic_5_negative"
"kandidat_23",6,"negative",-1,"topic_6_negative"
"kandidat_23",7,"negative",-1,"topic_7_negative"
"kandidat_23",8,"positive",1,"topic_8_positive"
"kandidat_23",9,"positive",1,"topic_9_positive"
"kandidat_23",10,"positive",1,"topic_10_positive"
"kandidat_24",1,"positive",1,"topic_1_positive"
"kandidat_24",2,"positive",1,"topic_2_positive"
"kandidat_24",3,"positive",1,"topic_3_positive"
"kandidat_24",4,"positive",1,"topic_4_positive"
"kandidat_24",5,"negative",-1,"topic_5_negative"
"kandidat_24",6,"negative",-1,"topic_6_negative"
"kandidat_24",7,"negative",-1,"topic_7_negative"
"kandidat_24",8,"positive",1,"topic_8_positive"
"kandidat_24",9,"positive",1,"topic_9_positive"
"kandidat_24",10,"positive",1,"topic_10_positive"
"kandidat_25",1,"negative",-1,"topic_1_negative"
"kandidat_25",2,"positive",1,"topic_2_positive"
"kandidat_25",3,"negative",-1,"topic_3_negative"
"kandidat_25",4,"positive",1,"topic_4_positive"
"kandidat_25",5,"negative",-1,"topic_5_negative"
"kandidat_25",6,"negative",-1,"topic_6_negative"
"kandidat_25",7,"negative",-1,"topic_7_negative"
"kandidat_25",8,"positive",1,"topic_8_positive"
"kandidat_25",9,"positive",1,"topic_9_positive"
"kandidat_25",10,"positive",1,"topic_10_positive"
"kandidat_26",1,"negative",-1,"topic_1_negative"
"kandidat_26",2,"negative",-1,"topic_2_negative"
"kandidat_26",3,"negative",-1,"topic_3_negative"
"kandidat_26",4,"negative",-1,"topic_4_negative"
"kandidat_26",5,"negative",-1,"topic_5_negative"
"kandidat_26",6,"negative",-1,"topic_6_negative"
"kandidat_26",7,"negative",-1,"topic_7_negative"
"kandidat_26",8,"negative",-1,"topic_8_negative"
"kandidat_26",9,"positive",1,"topic_9_positive"
"kandidat_26",10,"positive",1,"topic_10_positive"
"kandidat_27",1,"negative",-1,"topic_1_negative"
"kandidat_27",2,"negative",-1,"topic_2_negative"
"kandidat_27",3,"negative",-1,"topic_3_negative"
"kandidat_27",4,"positive",1,"topic_4_positive"
"kandidat_27",5,"positive",1,"topic_5_positive"
"kandidat_27",6,"negative",-1,"topic_6_negative"
"kandidat_27",7,"negative",-1,"topic_7_negative"
"kandidat_27",8,"positive",1,"topic_8_positive"
"kandidat_27",9,"positive",1,"topic_9_positive"
"kandidat_27",10,"positive",1,"topic_10_positive"
"kandidat_28",1,"negative",-1,"topic_1_negative"
"kandidat_28",2,"negative",-1,"topic_2_negative"
"kandidat_28",3,"negative",-1,"topic_3_negative"
"kandidat_28",4,"negative",-1,"topic_4_negative"
"kandidat_28",5,"positive",1,"topic_5_positive"
"kandidat_28",6,"negative",-1,"topic_6_negative"
"kandidat_28",7,"negative",-1,"topic_7_negative"
"kandidat_28",8,"negative",-1,"topic_8_negative"
"kandidat_28",9,"positive",1,"topic_9_positive"
"kandidat_28",10,"negative",-1,"topic_10_negative"
"kandidat_29",1,"positive",1,"topic_1_positive"
"kandidat_29",2,"positive",1,"topic_2_positive"
"kandidat_29",3,"negative",-1,"topic_3_negative"
"kandidat_29",4,"negative",-1,"topic_4_negative"
"kandidat_29",5,"negative",-1,"topic_5_negative"
"kandidat_29",6,"negative",-1,"topic_6_negative"
"kandidat_29",7,"negative",-1,"topic_7_negative"
"kandidat_29",8,"positive",1,"topic_8_positive"
"kandidat_29",9,"positive",1,"topic_9_positive"
"kandidat_29",10,"positive",1,"topic_10_positive"
"kandidat_30",1,"positive",1,"topic_1_positive"
"kandidat_30",2,"negative",-1,"topic_2_negative"
"kandidat_30",3,"negative",-1,"topic_3_negative"
"kandidat_30",4,"positive",1,"topic_4_positive"
"kandidat_30",5,"positive",1,"topic_5_positive"
"kandidat_30",6,"negative",-1,"topic_6_negative"
"kandidat_30",7,"negative",-1,"topic_7_negative"
"kandidat_30",8,"negative",-1,"topic_8_negative"
"kandidat_30",9,"positive",1,"topic_9_positive"
"kandidat_30",10,"negative",-1,"topic_10_negative"
"kandidat_31",1,"negative",-1,"topic_1_negative"
"kandidat_31",2,"positive",1,"topic_2_positive"
"kandidat_31",3,"negative",-1,"topic_3_negative"
"kandidat_31",4,"positive",1,"topic_4_positive"
"kandidat_31",5,"positive",1,"topic_5_positive"
"kandidat_31",6,"negative",-1,"topic_6_negative"
"kandidat_31",7,"negative",-1,"topic_7_negative"
"kandidat_31",8,"positive",1,"topic_8_positive"
"kandidat_31",9,"positive",1,"topic_9_positive"
"kandidat_31",10,"positive",1,"topic_10_positive"
"kandidat_32",1,"negative",-1,"topic_1_negative"
"kandidat_32",2,"negative",-1,"topic_2_negative"
"kandidat_32",3,"negative",-1,"topic_3_negative"
"kandidat_32",4,"positive",1,"topic_4_positive"
"kandidat_32",5,"positive",1,"topic_5_positive"
"kandidat_32",6,"negative",-1,"topic_6_negative"
"kandidat_32",7,"negative",-1,"topic_7_negative"
"kandidat_32",8,"positive",1,"topic_8_positive"
"kandidat_32",9,"positive",1,"topic_9_positive"
"kandidat_32",10,"positive",1,"topic_10_positive"
"kandidat_33",1,"positive",1,"topic_1_positive"
"kandidat_33",2,"negative",-1,"topic_2_negative"
"kandidat_33",3,"positive",1,"topic_3_positive"
"kandidat_33",4,"positive",1,"topic_4_positive"
"kandidat_33",5,"negative",-1,"topic_5_negative"
"kandidat_33",6,"negative",-1,"topic_6_negative"
"kandidat_33",7,"positive",1,"topic_7_positive"
"kandidat_33",8,"positive",1,"topic_8_positive"
"kandidat_33",9,"positive",1,"topic_9_positive"
"kandidat_33",10,"positive",1,"topic_10_positive"
"kandidat_34",1,"negative",-1,"topic_1_negative"
"kandidat_34",2,"positive",1,"topic_2_positive"
"kandidat_34",3,"negative",-1,"topic_3_negative"
"kandidat_34",4,"positive",1,"topic_4_positive"
"kandidat_34",5,"negative",-1,"topic_5_negative"
"kandidat_34",6,"negative",-1,"topic_6_negative"
"kandidat_34",7,"negative",-1,"topic_7_negative"
"kandidat_34",8,"positive",1,"topic_8_positive"
"kandidat_34",9,"positive",1,"topic_9_positive"
"kandidat_34",10,"positive",1,"topic_10_positive"
"kandidat_35",1,"negative",-1,"topic_1_negative"
"kandidat_35",2,"positive",1,"topic_2_positive"
"kandidat_35",3,"negative",-1,"topic_3_negative"
"kandidat_35",4,"positive",1,"topic_4_positive"
"kandidat_35",5,"positive",1,"topic_5_positive"
"kandidat_35",6,"positive",1,"topic_6_positive"
"kandidat_35",7,"negative",-1,"topic_7_negative"
"kandidat_35",8,"positive",1,"topic_8_positive"
"kandidat_35",9,"positive",1,"topic_9_positive"
"kandidat_35",10,"positive",1,"topic_10_positive"
"kandidat_36",1,"positive",1,"topic_1_positive"
"kandidat_36",2,"positive",1,"topic_2_positive"
"kandidat_36",3,"negative",-1,"topic_3_negative"
"kandidat_36",4,"positive",1,"topic_4_positive"
"kandidat_36",5,"negative",-1,"topic_5_negative"
"kandidat_36",6,"positive",1,"topic_6_positive"
"kandidat_36",7,"positive",1,"topic_7_positive"
"kandidat_36",8,"negative",-1,"topic_8_negative"
"kandidat_36",9,"negative",-1,"topic_9_negative"
"kandidat_36",10,"positive",1,"topic_10_positive"
"kandidat_37",1,"positive",1,"topic_1_positive"
"kandidat_37",2,"positive",1,"topic_2_positive"
"kandidat_37",3,"negative",-1,"topic_3_negative"
"kandidat_37",4,"positive",1,"topic_4_positive"
"kandidat_37",5,"negative",-1,"topic_5_negative"
"kandidat_37",6,"positive",1,"topic_6_positive"
"kandidat_37",7,"negative",-1,"topic_7_negative"
"kandidat_37",8,"positive",1,"topic_8_positive"
"kandidat_37",9,"negative",-1,"topic_9_negative"
"kandidat_37",10,"positive",1,"topic_10_positive"
"kandidat_38",1,"positive",1,"topic_1_positive"
"kandidat_38",2,"positive",1,"topic_2_positive"
"kandidat_38",3,"negative",-1,"topic_3_negative"
"kandidat_38",4,"positive",1,"topic_4_positive"
"kandidat_38",5,"negative",-1,"topic_5_negative"
"kandidat_38",6,"positive",1,"topic_6_positive"
"kandidat_38",7,"positive",1,"topic_7_positive"
"kandidat_38",8,"negative",-1,"topic_8_negative"
"kandidat_38",9,"negative",-1,"topic_9_negative"
"kandidat_38",10,"positive",1,"topic_10_positive"
"kandidat_39",1,"negative",-1,"topic_1_negative"
"kandidat_39",2,"positive",1,"topic_2_positive"
"kandidat_39",3,"negative",-1,"topic_3_negative"
"kandidat_39",4,"positive",1,"topic_4_positive"
"kandidat_39",5,"negative",-1,"topic_5_negative"
"kandidat_39",6,"positive",1,"topic_6_positive"
"kandidat_39",7,"positive",1,"topic_7_positive"
"kandidat_39",8,"positive",1,"topic_8_positive"
"kandidat_39",9,"negative",-1,"topic_9_negative"
"kandidat_39",10,"positive",1,"topic_10_positive"
"kandidat_40",1,"positive",1,"topic_1_positive"
"kandidat_40",2,"positive",1,"topic_2_positive"
"kandidat_40",3,"negative",-1,"topic_3_negative"
"kandidat_40",4,"positive",1,"topic_4_positive"
"kandidat_40",5,"positive",1,"topic_5_positive"
"kandidat_40",6,"positive",1,"topic_6_positive"
"kandidat_40",7,"positive",1,"topic_7_positive"
"kandidat_40",8,"positive",1,"topic_8_positive"
"kandidat_40",9,"negative",-1,"topic_9_negative"
"kandidat_40",10,"positive",1,"topic_10_positive"
"kandidat_41",1,"positive",1,"topic_1_positive"
"kandidat_41",2,"positive",1,"topic_2_positive"
"kandidat_41",3,"negative",-1,"topic_3_negative"
"kandidat_41",4,"positive",1,"topic_4_positive"
"kandidat_41",5,"negative",-1,"topic_5_negative"
"kandidat_41",6,"negative",-1,"topic_6_negative"
"kandidat_41",7,"positive",1,"topic_7_positive"
"kandidat_41",8,"positive",1,"topic_8_positive"
"kandidat_41",9,"negative",-1,"topic_9_negative"
"kandidat_41",10,"positive",1,"topic_10_positive"
"kandidat_42",1,"positive",1,"topic_1_positive"
"kandidat_42",2,"negative",-1,"topic_2_negative"
"kandidat_42",3,"negative",-1,"topic_3_negative"
"kandidat_42",4,"positive",1,"topic_4_positive"
"kandidat_42",5,"negative",-1,"topic_5_negative"
"kandidat_42",6,"positive",1,"topic_6_positive"
"kandidat_42",7,"positive",1,"topic_7_positive"
"kandidat_42",8,"negative",-1,"topic_8_negative"
"kandidat_42",9,"negative",-1,"topic_9_negative"
"kandidat_42",10,"positive",1,"topic_10_positive"
"kandidat_43",1,"positive",1,"topic_1_positive"
"kandidat_43",2,"positive",1,"topic_2_positive"
"kandidat_43",3,"negative",-1,"topic_3_negative"
"kandidat_43",4,"positive",1,"topic_4_positive"
"kandidat_43",5,"positive",1,"topic_5_positive"
"kandidat_43",6,"positive",1,"topic_6_positive"
"kandidat_43",7,"positive",1,"topic_7_positive"
"kandidat_43",8,"negative",-1,"topic_8_negative"
"kandidat_43",9,"positive",1,"topic_9_positive"
"kandidat_43",10,"positive",1,"topic_10_positive"
"kandidat_44",1,"positive",1,"topic_1_positive"
"kandidat_44",2,"positive",1,"topic_2_positive"
"kandidat_44",3,"negative",-1,"topic_3_negative"
"kandidat_44",4,"positive",1,"topic_4_positive"
"kandidat_44",5,"negative",-1,"topic_5_negative"
"kandidat_44",6,"negative",-1,"topic_6_negative"
"kandidat_44",7,"positive",1,"topic_7_positive"
"kandidat_44",8,"positive",1,"topic_8_positive"
"kandidat_44",9,"negative",-1,"topic_9_negative"
"kandidat_44",10,"negative",-1,"topic_10_negative"
"kandidat_45",1,"positive",1,"topic_1_positive"
"kandidat_45",2,"positive",1,"topic_2_positive"
"kandidat_45",3,"negative",-1,"topic_3_negative"
"kandidat_45",4,"positive",1,"topic_4_positive"
"kandidat_45",5,"negative",-1,"topic_5_negative"
"kandidat_45",6,"positive",1,"topic_6_positive"
"kandidat_45",7,"positive",1,"topic_7_positive"
"kandidat_45",8,"negative",-1,"topic_8_negative"
"kandidat_45",9,"negative",-1,"topic_9_negative"
"kandidat_45",10,"positive",1,"topic_10_positive"
"kandidat_46",1,"positive",1,"topic_1_positive"
"kandidat_46",2,"positive",1,"topic_2_positive"
"kandidat_46",3,"negative",-1,"topic_3_negative"
"kandidat_46",4,"positive",1,"topic_4_positive"
"kandidat_46",5,"negative",-1,"topic_5_negative"
"kandidat_46",6,"negative",-1,"topic_6_negative"
"kandidat_46",7,"positive",1,"topic_7_positive"
"kandidat_46",8,"negative",-1,"topic_8_negative"
"kandidat_46",9,"negative",-1,"topic_9_negative"
"kandidat_46",10,"positive",1,"topic_10_positive"
"kandidat_47",1,"positive",1,"topic_1_positive"
"kandidat_47",2,"positive",1,"topic_2_positive"
"kandidat_47",3,"negative",-1,"topic_3_negative"
"kandidat_47",4,"positive",1,"topic_4_positive"
"kandidat_47",5,"negative",-1,"topic_5_negative"
"kandidat_47",6,"negative",-1,"topic_6_negative"
"kandidat_47",7,"positive",1,"topic_7_positive"
"kandidat_47",8,"positive",1,"topic_8_positive"
"kandidat_47",9,"positive",1,"topic_9_positive"
"kandidat_47",10,"negative",-1,"topic_10_negative"
"kandidat_48",1,"negative",-1,"topic_1_negative"
"kandidat_48",2,"positive",1,"topic_2_positive"
"kandidat_48",3,"negative",-1,"topic_3_negative"
"kandidat_48",4,"positive",1,"topic_4_positive"
"kandidat_48",5,"negative",-1,"topic_5_negative"
"kandidat_48",6,"negative",-1,"topic_6_negative"
"kandidat_48",7,"negative",-1,"topic_7_negative"
"kandidat_48",8,"negative",-1,"topic_8_negative"
"kandidat_48",9,"positive",1,"topic_9_positive"
"kandidat_48",10,"positive",1,"topic_10_positive"
"kandidat_49",1,"positive",1,"topic_1_positive"
"kandidat_49",2,"positive",1,"topic_2_positive"
"kandidat_49",3,"negative",-1,"topic_3_negative"
"kandidat_49",4,"positive",1,"topic_4_positive"
"kandidat_49",5,"negative",-1,"topic_5_negative"
"kandidat_49",6,"negative",-1,"topic_6_negative"
"kandidat_49",7,"positive",1,"topic_7_positive"
"kandidat_49",8,"negative",-1,"topic_8_negative"
"kandidat_49",9,"negative",-1,"topic_9_negative"
"kandidat_49",10,"positive",1,"topic_10_positive"
"kandidat_50",1,"positive",1,"topic_1_positive"
"kandidat_50",2,"positive",1,"topic_2_positive"
"kandidat_50",3,"negative",-1,"topic_3_negative"
"kandidat_50",4,"positive",1,"topic_4_positive"
"kandidat_50",5,"positive",1,"topic_5_positive"
"kandidat_50",6,"positive",1,"topic_6_positive"
"kandidat_50",7,"positive",1,"topic_7_positive"
"kandidat_50",8,"positive",1,"topic_8_positive"
"kandidat_50",9,"negative",-1,"topic_9_negative"
"kandidat_50",10,"positive",1,"topic_10_positive"
"kandidat_51",1,"positive",1,"topic_1_positive"
"kandidat_51",2,"positive",1,"topic_2_positive"
"kandidat_51",3,"positive",1,"topic_3_positive"
"kandidat_51",4,"positive",1,"topic_4_positive"
"kandidat_51",5,"positive",1,"topic_5_positive"
"kandidat_51",6,"positive",1,"topic_6_positive"
"kandidat_51",7,"positive",1,"topic_7_positive"
"kandidat_51",8,"negative",-1,"topic_8_negative"
"kandidat_51",9,"negative",-1,"topic_9_negative"
"kandidat_51",10,"positive",1,"topic_10_positive"
"kandidat_52",1,"positive",1,"topic_1_positive"
"kandidat_52",2,"positive",1,"topic_2_positive"
"kandidat_52",3,"positive",1,"topic_3_positive"
"kandidat_52",4,"positive",1,"topic_4_positive"
"kandidat_52",5,"negative",-1,"topic_5_negative"
"kandidat_52",6,"negative",-1,"topic_6_negative"
"kandidat_52",7,"positive",1,"topic_7_positive"
"kandidat_52",8,"positive",1,"topic_8_positive"
"kandidat_52",9,"positive",1,"topic_9_positive"
"kandidat_52",10,"negative",-1,"topic_10_negative"
"kandidat_53",1,"positive",1,"topic_1_positive"
"kandidat_53",2,"positive",1,"topic_2_positive"
"kandidat_53",3,"positive",1,"topic_3_positive"
"kandidat_53",4,"positive",1,"topic_4_positive"
"kandidat_53",5,"positive",1,"topic_5_positive"
"kandidat_53",6,"positive",1,"topic_6_positive"
"kandidat_53",7,"positive",1,"topic_7_positive"
"kandidat_53",8,"positive",1,"topic_8_positive"
"kandidat_53",9,"negative",-1,"topic_9_negative"
"kandidat_53",10,"negative",-1,"topic_10_negative"
"kandidat_54",1,"positive",1,"topic_1_positive"
"kandidat_54",2,"positive",1,"topic_2_positive"
"kandidat_54",3,"positive",1,"topic_3_positive"
"kandidat_54",4,"positive",1,"topic_4_positive"
"kandidat_54",5,"positive",1,"topic_5_positive"
"kandidat_54",6,"negative",-1,"topic_6_negative"
"kandidat_54",7,"positive",1,"topic_7_positive"
"kandidat_54",8,"negative",-1,"topic_8_negative"
"kandidat_54",9,"negative",-1,"topic_9_negative"
"kandidat_54",10,"negative",-1,"topic_10_negative"
"kandidat_55",1,"negative",-1,"topic_1_negative"
"kandidat_55",2,"positive",1,"topic_2_positive"
"kandidat_55",3,"positive",1,"topic_3_positive"
"kandidat_55",4,"positive",1,"topic_4_positive"
"kandidat_55",5,"positive",1,"topic_5_positive"
"kandidat_55",6,"negative",-1,"topic_6_negative"
"kandidat_55",7,"positive",1,"topic_7_positive"
"kandidat_55",8,"positive",1,"topic_8_positive"
"kandidat_55",9,"positive",1,"topic_9_positive"
"kandidat_55",10,"negative",-1,"topic_10_negative"
"kandidat_56",1,"negative",-1,"topic_1_negative"
"kandidat_56",2,"negative",-1,"topic_2_negative"
"kandidat_56",3,"positive",1,"topic_3_positive"
"kandidat_56",4,"negative",-1,"topic_4_negative"
"kandidat_56",5,"positive",1,"topic_5_positive"
"kandidat_56",6,"negative",-1,"topic_6_negative"
"kandidat_56",7,"negative",-1,"topic_7_negative"
"kandidat_56",8,"positive",1,"topic_8_positive"
"kandidat_56",9,"positive",1,"topic_9_positive"
"kandidat_56",10,"negative",-1,"topic_10_negative"
"kandidat_57",1,"negative",-1,"topic_1_negative"
"kandidat_57",2,"negative",-1,"topic_2_negative"
"kandidat_57",3,"positive",1,"topic_3_positive"
"kandidat_57",4,"negative",-1,"topic_4_negative"
"kandidat_57",5,"positive",1,"topic_5_positive"
"kandidat_57",6,"negative",-1,"topic_6_negative"
"kandidat_57",7,"negative",-1,"topic_7_negative"
"kandidat_57",8,"positive",1,"topic_8_positive"
"kandidat_57",9,"positive",1,"topic_9_positive"
"kandidat_57",10,"negative",-1,"topic_10_negative"
"kandidat_58",1,"negative",-1,"topic_1_negative"
"kandidat_58",2,"negative",-1,"topic_2_negative"
"kandidat_58",3,"positive",1,"topic_3_positive"
"kandidat_58",4,"negative",-1,"topic_4_negative"
"kandidat_58",5,"positive",1,"topic_5_positive"
"kandidat_58",6,"negative",-1,"topic_6_negative"
"kandidat_58",7,"negative",-1,"topic_7_negative"
"kandidat_58",8,"positive",1,"topic_8_positive"
"kandidat_58",9,"positive",1,"topic_9_positive"
"kandidat_58",10,"positive",1,"topic_10_positive"
"kandidat_59",1,"negative",-1,"topic_1_negative"
"kandidat_59",2,"negative",-1,"topic_2_negative"
"kandidat_59",3,"positive",1,"topic_3_positive"
"kandidat_59",4,"negative",-1,"topic_4_negative"
"kandidat_59",5,"negative",-1,"topic_5_negative"
"kandidat_59",6,"negative",-1,"topic_6_negative"
"kandidat_59",7,"negative",-1,"topic_7_negative"
"kandidat_59",8,"positive",1,"topic_8_positive"
"kandidat_59",9,"positive",1,"topic_9_positive"
"kandidat_59",10,"negative",-1,"topic_10_negative"
"kandidat_60",1,"negative",-1,"topic_1_negative"
"kandidat_60",2,"negative",-1,"topic_2_negative"
"kandidat_60",3,"positive",1,"topic_3_positive"
"kandidat_60",4,"negative",-1,"topic_4_negative"
"kandidat_60",5,"positive",1,"topic_5_positive"
"kandidat_60",6,"negative",-1,"topic_6_negative"
"kandidat_60",7,"negative",-1,"topic_7_negative"
"kandidat_60",8,"positive",1,"topic_8_positive"
"kandidat_60",9,"positive",1,"topic_9_positive"
"kandidat_60",10,"positive",1,"topic_10_positive"
"kandidat_61",1,"negative",-1,"topic_1_negative"
"kandidat_61",2,"negative",-1,"topic_2_negative"
"kandidat_61",3,"positive",1,"topic_3_positive"
"kandidat_61",4,"negative",-1,"topic_4_negative"
"kandidat_61",5,"positive",1,"topic_5_positive"
"kandidat_61",6,"negative",-1,"topic_6_negative"
"kandidat_61",7,"negative",-1,"topic_7_negative"
"kandidat_61",8,"positive",1,"topic_8_positive"
"kandidat_61",9,"positive",1,"topic_9_positive"
"kandidat_61",10,"positive",1,"topic_10_positive"
"kandidat_62",1,"negative",-1,"topic_1_negative"
"kandidat_62",2,"negative",-1,"topic_2_negative"
"kandidat_62",3,"positive",1,"topic_3_positive"
"kandidat_62",4,"negative",-1,"topic_4_negative"
"kandidat_62",5,"positive",1,"topic_5_positive"
"kandidat_62",6,"positive",1,"topic_6_positive"
"kandidat_62",7,"positive",1,"topic_7_positive"
"kandidat_62",8,"positive",1,"topic_8_positive"
"kandidat_62",9,"positive",1,"topic_9_positive"
"kandidat_62",10,"negative",-1,"topic_10_negative"
"kandidat_63",1,"negative",-1,"topic_1_negative"
"kandidat_63",2,"negative",-1,"topic_2_negative"
"kandidat_63",3,"negative",-1,"topic_3_negative"
"kandidat_63",4,"positive",1,"topic_4_positive"
"kandidat_63",5,"positive",1,"topic_5_positive"
"kandidat_63",6,"negative",-1,"topic_6_negative"
"kandidat_63",7,"negative",-1,"topic_7_negative"
"kandidat_63",8,"positive",1,"topic_8_positive"
"kandidat_63",9,"positive",1,"topic_9_positive"
"kandidat_63",10,"positive",1,"topic_10_positive"
"kandidat_64",1,"negative",-1,"topic_1_negative"
"kandidat_64",2,"negative",-1,"topic_2_negative"
"kandidat_64",3,"positive",1,"topic_3_positive"
"kandidat_64",4,"negative",-1,"topic_4_negative"
"kandidat_64",5,"positive",1,"topic_5_positive"
"kandidat_64",6,"negative",-1,"topic_6_negative"
"kandidat_64",7,"negative",-1,"topic_7_negative"
"kandidat_64",8,"positive",1,"topic_8_positive"
"kandidat_64",9,"positive",1,"topic_9_positive"
"kandidat_64",10,"positive",1,"topic_10_positive"
"kandidat_65",1,"negative",-1,"topic_1_negative"
"kandidat_65",2,"negative",-1,"topic_2_negative"
"kandidat_65",3,"positive",1,"topic_3_positive"
"kandidat_65",4,"positive",1,"topic_4_positive"
"kandidat_65",5,"positive",1,"topic_5_positive"
"kandidat_65",6,"negative",-1,"topic_6_negative"
"kandidat_65",7,"negative",-1,"topic_7_negative"
"kandidat_65",8,"positive",1,"topic_8_positive"
"kandidat_65",9,"positive",1,"topic_9_positive"
"kandidat_65",10,"negative",-1,"topic_10_negative"
"kandidat_66",1,"negative",-1,"topic_1_negative"
"kandidat_66",2,"negative",-1,"topic_2_negative"
"kandidat_66",3,"positive",1,"topic_3_positive"
"kandidat_66",4,"positive",1,"topic_4_positive"
"kandidat_66",5,"positive",1,"topic_5_positive"
"kandidat_66",6,"negative",-1,"topic_6_negative"
"kandidat_66",7,"positive",1,"topic_7_positive"
"kandidat_66",8,"negative",-1,"topic_8_negative"
"kandidat_66",9,"negative",-1,"topic_9_negative"
"kandidat_66",10,"negative",-1,"topic_10_negative"
"kandidat_67",1,"negative",-1,"topic_1_negative"
"kandidat_67",2,"negative",-1,"topic_2_negative"
"kandidat_67",3,"positive",1,"topic_3_positive"
"kandidat_67",4,"negative",-1,"topic_4_negative"
"kandidat_67",5,"positive",1,"topic_5_positive"
"kandidat_67",6,"negative",-1,"topic_6_negative"
"kandidat_67",7,"negative",-1,"topic_7_negative"
"kandidat_67",8,"positive",1,"topic_8_positive"
"kandidat_67",9,"positive",1,"topic_9_positive"
"kandidat_67",10,"positive",1,"topic_10_positive"
"kandidat_68",1,"negative",-1,"topic_1_negative"
"kandidat_68",2,"negative",-1,"topic_2_negative"
"kandidat_68",3,"positive",1,"topic_3_positive"
"kandidat_68",4,"positive",1,"topic_4_positive"
"kandidat_68",5,"positive",1,"topic_5_positive"
"kandidat_68",6,"negative",-1,"topic_6_negative"
"kandidat_68",7,"negative",-1,"topic_7_negative"
"kandidat_68",8,"positive",1,"topic_8_positive"
"kandidat_68",9,"positive",1,"topic_9_positive"
"kandidat_68",10,"negative",-1,"topic_10_negative"
"kandidat_69",1,"negative",-1,"topic_1_negative"
"kandidat_69",2,"negative",-1,"topic_2_negative"
"kandidat_69",3,"positive",1,"topic_3_positive"
"kandidat_69",4,"negative",-1,"topic_4_negative"
"kandidat_69",5,"positive",1,"topic_5_positive"
"kandidat_69",6,"negative",-1,"topic_6_negative"
"kandidat_69",7,"negative",-1,"topic_7_negative"
"kandidat_69",8,"positive",1,"topic_8_positive"
"kandidat_69",9,"positive",1,"topic_9_positive"
"kandidat_69",10,"positive",1,"topic_10_positive"
"kandidat_70",1,"negative",-1,"topic_1_negative"
"kandidat_70",2,"negative",-1,"topic_2_negative"
"kandidat_70",3,"positive",1,"topic_3_positive"
"kandidat_70",4,"positive",1,"topic_4_positive"
"kandidat_70",5,"positive",1,"topic_5_positive"
"kandidat_70",6,"positive",1,"topic_6_positive"
"kandidat_70",7,"positive",1,"topic_7_positive"
"kandidat_70",8,"positive",1,"topic_8_positive"
"kandidat_70",9,"positive",1,"topic_9_positive"
"kandidat_70",10,"negative",-1,"topic_10_negative"
"kandidat_71",1,"negative",-1,"topic_1_negative"
"kandidat_71",2,"negative",-1,"topic_2_negative"
"kandidat_71",3,"positive",1,"topic_3_positive"
"kandidat_71",4,"negative",-1,"topic_4_negative"
"kandidat_71",5,"positive",1,"topic_5_positive"
"kandidat_71",6,"negative",-1,"topic_6_negative"
"kandidat_71",7,"positive",1,"topic_7_positive"
"kandidat_71",8,"positive",1,"topic_8_positive"
"kandidat_71",9,"positive",1,"topic_9_positive"
"kandidat_71",10,"negative",-1,"topic_10_negative"
"kandidat_72",1,"negative",-1,"topic_1_negative"
"kandidat_72",2,"negative",-1,"topic_2_negative"
"kandidat_72",3,"positive",1,"topic_3_positive"
"kandidat_72",4,"negative",-1,"topic_4_negative"
"kandidat_72",5,"positive",1,"topic_5_positive"
"kandidat_72",6,"negative",-1,"topic_6_negative"
"kandidat_72",7,"negative",-1,"topic_7_negative"
"kandidat_72",8,"positive",1,"topic_8_positive"
"kandidat_72",9,"positive",1,"topic_9_positive"
"kandidat_72",10,"negative",-1,"topic_10_negative"
"kandidat_73",1,"negative",-1,"topic_1_negative"
"kandidat_73",2,"negative",-1,"topic_2_negative"
"kandidat_73",3,"positive",1,"topic_3_positive"
"kandidat_73",4,"negative",-1,"topic_4_negative"
"kandidat_73",5,"positive",1,"topic_5_positive"
"kandidat_73",6,"negative",-1,"topic_6_negative"
"kandidat_73",7,"negative",-1,"topic_7_negative"
"kandidat_73",8,"negative",-1,"topic_8_negative"
"kandidat_73",9,"positive",1,"topic_9_positive"
"kandidat_73",10,"positive",1,"topic_10_positive"
"kandidat_74",1,"negative",-1,"topic_1_negative"
"kandidat_74",2,"negative",-1,"topic_2_negative"
"kandidat_74",3,"positive",1,"topic_3_positive"
"kandidat_74",4,"negative",-1,"topic_4_negative"
"kandidat_74",5,"positive",1,"topic_5_positive"
"kandidat_74",6,"negative",-1,"topic_6_negative"
"kandidat_74",7,"negative",-1,"topic_7_negative"
"kandidat_74",8,"positive",1,"topic_8_positive"
"kandidat_74",9,"positive",1,"topic_9_positive"
"kandidat_74",10,"negative",-1,"topic_10_negative"
"kandidat_75",1,"negative",-1,"topic_1_negative"
"kandidat_75",2,"negative",-1,"topic_2_negative"
"kandidat_75",3,"positive",1,"topic_3_positive"
"kandidat_75",4,"negative",-1,"topic_4_negative"
"kandidat_75",5,"positive",1,"topic_5_positive"
"kandidat_75",6,"negative",-1,"topic_6_negative"
"kandidat_75",7,"negative",-1,"topic_7_negative"
"kandidat_75",8,"positive",1,"topic_8_positive"
"kandidat_75",9,"positive",1,"topic_9_positive"
"kandidat_75",10,"negative",-1,"topic_10_negative"
"kandidat_76",1,"positive",1,"topic_1_positive"
"kandidat_76",2,"positive",1,"topic_2_positive"
"kandidat_76",3,"negative",-1,"topic_3_negative"
"kandidat_76",4,"positive",1,"topic_4_positive"
"kandidat_76",5,"negative",-1,"topic_5_negative"
"kandidat_76",6,"positive",1,"topic_6_positive"
"kandidat_76",7,"positive",1,"topic_7_positive"
"kandidat_76",8,"positive",1,"topic_8_positive"
"kandidat_76",9,"negative",-1,"topic_9_negative"
"kandidat_76",10,"positive",1,"topic_10_positive"
"kandidat_77",1,"positive",1,"topic_1_positive"
"kandidat_77",2,"positive",1,"topic_2_positive"
"kandidat_77",3,"negative",-1,"topic_3_negative"
"kandidat_77",4,"positive",1,"topic_4_positive"
"kandidat_77",5,"negative",-1,"topic_5_negative"
"kandidat_77",6,"positive",1,"topic_6_positive"
"kandidat_77",7,"positive",1,"topic_7_positive"
"kandidat_77",8,"positive",1,"topic_8_positive"
"kandidat_77",9,"negative",-1,"topic_9_negative"
"kandidat_77",10,"negative",-1,"topic_10_negative"
"kandidat_78",1,"positive",1,"topic_1_positive"
"kandidat_78",2,"positive",1,"topic_2_positive"
"kandidat_78",3,"negative",-1,"topic_3_negative"
"kandidat_78",4,"positive",1,"topic_4_positive"
"kandidat_78",5,"negative",-1,"topic_5_negative"
"kandidat_78",6,"positive",1,"topic_6_positive"
"kandidat_78",7,"positive",1,"topic_7_positive"
"kandidat_78",8,"positive",1,"topic_8_positive"
"kandidat_78",9,"negative",-1,"topic_9_negative"
"kandidat_78",10,"negative",-1,"topic_10_negative"
"kandidat_79",1,"positive",1,"topic_1_positive"
"kandidat_79",2,"positive",1,"topic_2_positive"
"kandidat_79",3,"negative",-1,"topic_3_negative"
"kandidat_79",4,"positive",1,"topic_4_positive"
"kandidat_79",5,"negative",-1,"topic_5_negative"
"kandidat_79",6,"positive",1,"topic_6_positive"
"kandidat_79",7,"positive",1,"topic_7_positive"
"kandidat_79",8,"positive",1,"topic_8_positive"
"kandidat_79",9,"negative",-1,"topic_9_negative"
"kandidat_79",10,"positive",1,"topic_10_positive"
"kandidat_80",1,"positive",1,"topic_1_positive"
"kandidat_80",2,"positive",1,"topic_2_positive"
"kandidat_80",3,"negative",-1,"topic_3_negative"
"kandidat_80",4,"positive",1,"topic_4_positive"
"kandidat_80",5,"negative",-1,"topic_5_negative"
"kandidat_80",6,"negative",-1,"topic_6_negative"
"kandidat_80",7,"positive",1,"topic_7_positive"
"kandidat_80",8,"positive",1,"topic_8_positive"
"kandidat_80",9,"negative",-1,"topic_9_negative"
"kandidat_80",10,"negative",-1,"topic_10_negative"
"kandidat_81",1,"positive",1,"topic_1_positive"
"kandidat_81",2,"positive",1,"topic_2_positive"
"kandidat_81",3,"negative",-1,"topic_3_negative"
"kandidat_81",4,"positive",1,"topic_4_positive"
"kandidat_81",5,"negative",-1,"topic_5_negative"
"kandidat_81",6,"negative",-1,"topic_6_negative"
"kandidat_81",7,"positive",1,"topic_7_positive"
"kandidat_81",8,"positive",1,"topic_8_positive"
"kandidat_81",9,"negative",-1,"topic_9_negative"
"kandidat_81",10,"negative",-1,"topic_10_negative"
"kandidat_82",1,"positive",1,"topic_1_positive"
"kandidat_82",2,"positive",1,"topic_2_positive"
"kandidat_82",3,"negative",-1,"topic_3_negative"
"kandidat_82",4,"positive",1,"topic_4_positive"
"kandidat_82",5,"negative",-1,"topic_5_negative"
"kandidat_82",6,"positive",1,"topic_6_positive"
"kandidat_82",7,"positive",1,"topic_7_positive"
"kandidat_82",8,"negative",-1,"topic_8_negative"
"kandidat_82",9,"negative",-1,"topic_9_negative"
"kandidat_82",10,"positive",1,"topic_10_positive"
"kandidat_83",1,"positive",1,"topic_1_positive"
"kandidat_83",2,"positive",1,"topic_2_positive"
"kandidat_83",3,"negative",-1,"topic_3_negative"
"kandidat_83",4,"positive",1,"topic_4_positive"
"kandidat_83",5,"positive",1,"topic_5_positive"
"kandidat_83",6,"negative",-1,"topic_6_negative"
"kandidat_83",7,"positive",1,"topic_7_positive"
"kandidat_83",8,"positive",1,"topic_8_positive"
"kandidat_83",9,"negative",-1,"topic_9_negative"
"kandidat_83",10,"positive",1,"topic_10_positive"
"kandidat_84",1,"negative",-1,"topic_1_negative"
"kandidat_84",2,"positive",1,"topic_2_positive"
"kandidat_84",3,"negative",-1,"topic_3_negative"
"kandidat_84",4,"positive",1,"topic_4_positive"
"kandidat_84",5,"negative",-1,"topic_5_negative"
"kandidat_84",6,"negative",-1,"topic_6_negative"
"kandidat_84",7,"negative",-1,"topic_7_negative"
"kandidat_84",8,"positive",1,"topic_8_positive"
"kandidat_84",9,"positive",1,"topic_9_positive"
"kandidat_84",10,"positive",1,"topic_10_positive"
"kandidat_85",1,"positive",1,"topic_1_positive"
"kandidat_85",2,"negative",-1,"topic_2_negative"
"kandidat_85",3,"negative",-1,"topic_3_negative"
"kandidat_85",4,"positive",1,"topic_4_positive"
"kandidat_85",5,"positive",1,"topic_5_positive"
"kandidat_85",6,"positive",1,"topic_6_positive"
"kandidat_85",7,"positive",1,"topic_7_positive"
"kandidat_85",8,"positive",1,"topic_8_positive"
"kandidat_85",9,"negative",-1,"topic_9_negative"
"kandidat_85",10,"negative",-1,"topic_10_negative"
"kandidat_86",1,"positive",1,"topic_1_positive"
"kandidat_86",2,"positive",1,"topic_2_positive"
"kandidat_86",3,"negative",-1,"topic_3_negative"
"kandidat_86",4,"positive",1,"topic_4_positive"
"kandidat_86",5,"negative",-1,"topic_5_negative"
"kandidat_86",6,"negative",-1,"topic_6_negative"
"kandidat_86",7,"positive",1,"topic_7_positive"
"kandidat_86",8,"negative",-1,"topic_8_negative"
"kandidat_86",9,"positive",1,"topic_9_positive"
"kandidat_86",10,"positive",1,"topic_10_positive"
"kandidat_87",1,"positive",1,"topic_1_positive"
"kandidat_87",2,"positive",1,"topic_2_positive"
"kandidat_87",3,"negative",-1,"topic_3_negative"
"kandidat_87",4,"positive",1,"topic_4_positive"
"kandidat_87",5,"negative",-1,"topic_5_negative"
"kandidat_87",6,"negative",-1,"topic_6_negative"
"kandidat_87",7,"positive",1,"topic_7_positive"
"kandidat_87",8,"negative",-1,"topic_8_negative"
"kandidat_87",9,"negative",-1,"topic_9_negative"
"kandidat_87",10,"positive",1,"topic_10_positive"
"kandidat_88",1,"positive",1,"topic_1_positive"
"kandidat_88",2,"negative",-1,"topic_2_negative"
"kandidat_88",3,"negative",-1,"topic_3_negative"
"kandidat_88",4,"positive",1,"topic_4_positive"
"kandidat_88",5,"negative",-1,"topic_5_negative"
"kandidat_88",6,"positive",1,"topic_6_positive"
"kandidat_88",7,"positive",1,"topic_7_positive"
"kandidat_88",8,"negative",-1,"topic_8_negative"
"kandidat_88",9,"negative",-1,"topic_9_negative"
"kandidat_88",10,"negative",-1,"topic_10_negative"
"kandidat_89",1,"positive",1,"topic_1_positive"
"kandidat_89",2,"negative",-1,"topic_2_negative"
"kandidat_89",3,"negative",-1,"topic_3_negative"
"kandidat_89",4,"positive",1,"topic_4_positive"
"kandidat_89",5,"negative",-1,"topic_5_negative"
"kandidat_89",6,"negative",-1,"topic_6_negative"
"kandidat_89",7,"positive",1,"topic_7_positive"
"kandidat_89",8,"positive",1,"topic_8_positive"
"kandidat_89",9,"positive",1,"topic_9_positive"
"kandidat_89",10,"negative",-1,"topic_10_negative"
"kandidat_90",1,"positive",1,"topic_1_positive"
"kandidat_90",2,"positive",1,"topic_2_positive"
"kandidat_90",3,"positive",1,"topic_3_positive"
"kandidat_90",4,"positive",1,"topic_4_positive"
"kandidat_90",5,"negative",-1,"topic_5_negative"
"kandidat_90",6,"negative",-1,"topic_6_negative"
"kandidat_90",7,"negative",-1,"topic_7_negative"
"kandidat_90",8,"negative",-1,"topic_8_negative"
"kandidat_90",9,"positive",1,"topic_9_positive"
"kandidat_90",10,"negative",-1,"topic_10_negative"
"kandidat_91",1,"positive",1,"topic_1_positive"
"kandidat_91",2,"positive",1,"topic_2_positive"
"kandidat_91",3,"negative",-1,"topic_3_negative"
"kandidat_91",4,"positive",1,"topic_4_positive"
"kandidat_91",5,"negative",-1,"topic_5_negative"
"kandidat_91",6,"negative",-1,"topic_6_negative"
"kandidat_91",7,"negative",-1,"topic_7_negative"
"kandidat_91",8,"negative",-1,"topic_8_negative"
"kandidat_91",9,"positive",1,"topic_9_positive"
"kandidat_91",10,"positive",1,"topic_10_positive"
"kandidat_92",1,"negative",-1,"topic_1_negative"
"kandidat_92",2,"positive",1,"topic_2_positive"
"kandidat_92",3,"negative",-1,"topic_3_negative"
"kandidat_92",4,"positive",1,"topic_4_positive"
"kandidat_92",5,"negative",-1,"topic_5_negative"
"kandidat_92",6,"positive",1,"topic_6_positive"
"kandidat_92",7,"positive",1,"topic_7_positive"
"kandidat_92",8,"negative",-1,"topic_8_negative"
"kandidat_92",9,"negative",-1,"topic_9_negative"
"kandidat_92",10,"negative",-1,"topic_10_negative"
"kandidat_93",1,"positive",1,"topic_1_positive"
"kandidat_93",2,"positive",1,"topic_2_positive"
"kandidat_93",3,"negative",-1,"topic_3_negative"
"kandidat_93",4,"positive",1,"topic_4_positive"
"kandidat_93",5,"negative",-1,"topic_5_negative"
"kandidat_93",6,"positive",1,"topic_6_positive"
"kandidat_93",7,"positive",1,"topic_7_positive"
"kandidat_93",8,"positive",1,"topic_8_positive"
"kandidat_93",9,"negative",-1,"topic_9_negative"
"kandidat_93",10,"negative",-1,"topic_10_negative"
"kandidat_94",1,"positive",1,"topic_1_positive"
"kandidat_94",2,"positive",1,"topic_2_positive"
"kandidat_94",3,"negative",-1,"topic_3_negative"
"kandidat_94",4,"positive",1,"topic_4_positive"
"kandidat_94",5,"negative",-1,"topic_5_negative"
"kandidat_94",6,"positive",1,"topic_6_positive"
"kandidat_94",7,"positive",1,"topic_7_positive"
"kandidat_94",8,"positive",1,"topic_8_positive"
"kandidat_94",9,"negative",-1,"topic_9_negative"
"kandidat_94",10,"negative",-1,"topic_10_negative"
"kandidat_95",1,"positive",1,"topic_1_positive"
"kandidat_95",2,"negative",-1,"topic_2_negative"
"kandidat_95",3,"negative",-1,"topic_3_negative"
"kandidat_95",4,"positive",1,"topic_4_positive"
"kandidat_95",5,"negative",-1,"topic_5_negative"
"kandidat_95",6,"positive",1,"topic_6_positive"
"kandidat_95",7,"positive",1,"topic_7_positive"
"kandidat_95",8,"negative",-1,"topic_8_negative"
"kandidat_95",9,"negative",-1,"topic_9_negative"
"kandidat_95",10,"negative",-1,"topic_10_negative"
"kandidat_96",1,"positive",1,"topic_1_positive"
"kandidat_96",2,"positive",1,"topic_2_positive"
"kandidat_96",3,"negative",-1,"topic_3_negative"
"kandidat_96",4,"positive",1,"topic_4_positive"
"kandidat_96",5,"negative",-1,"topic_5_negative"
"kandidat_96",6,"positive",1,"topic_6_positive"
"kandidat_96",7,"positive",1,"topic_7_positive"
"kandidat_96",8,"negative",-1,"topic_8_negative"
"kandidat_96",9,"negative",-1,"topic_9_negative"
"kandidat_96",10,"positive",1,"topic_10_positive"
"kandidat_97",1,"positive",1,"topic_1_positive"
"kandidat_97",2,"negative",-1,"topic_2_negative"
"kandidat_97",3,"negative",-1,"topic_3_negative"
"kandidat_97",4,"positive",1,"topic_4_positive"
"kandidat_97",5,"negative",-1,"topic_5_negative"
"kandidat_97",6,"positive",1,"topic_6_positive"
"kandidat_97",7,"positive",1,"topic_7_positive"
"kandidat_97",8,"negative",-1,"topic_8_negative"
"kandidat_97",9,"negative",-1,"topic_9_negative"
"kandidat_97",10,"negative",-1,"topic_10_negative"
"kandidat_98",1,"negative",-1,"topic_1_negative"
"kandidat_98",2,"positive",1,"topic_2_positive"
"kandidat_98",3,"negative",-1,"topic_3_negative"
"kandidat_98",4,"positive",1,"topic_4_positive"
"kandidat_98",5,"negative",-1,"topic_5_negative"
"kandidat_98",6,"positive",1,"topic_6_positive"
"kandidat_98",7,"positive",1,"topic_7_positive"
"kandidat_98",8,"negative",-1,"topic_8_negative"
"kandidat_98",9,"negative",-1,"topic_9_negative"
"kandidat_98",10,"negative",-1,"topic_10_negative"
"kandidat_99",1,"negative",-1,"topic_1_negative"
"kandidat_99",2,"negative",-1,"topic_2_negative"
"kandidat_99",3,"positive",1,"topic_3_positive"
"kandidat_99",4,"positive",1,"topic_4_positive"
"kandidat_99",5,"negative",-1,"topic_5_negative"
"kandidat_99",6,"positive",1,"topic_6_positive"
"kandidat_99",7,"positive",1,"topic_7_positive"
"kandidat_99",8,"positive",1,"topic_8_positive"
"kandidat_99",9,"negative",-1,"topic_9_negative"
"kandidat_99",10,"negative",-1,"topic_10_negative"
"kandidat_100",1,"negative",-1,"topic_1_negative"
"kandidat_100",2,"negative",-1,"topic_2_negative"
"kandidat_100",3,"negative",-1,"topic_3_negative"
"kandidat_100",4,"negative",-1,"topic_4_negative"
"kandidat_100",5,"negative",-1,"topic_5_negative"
"kandidat_100",6,"negative",-1,"topic_6_negative"
"kandidat_100",7,"negative",-1,"topic_7_negative"
"kandidat_100",8,"positive",1,"topic_8_positive"
"kandidat_100",9,"positive",1,"topic_9_positive"
"kandidat_100",10,"negative",-1,"topic_10_negative"
"kandidat_101",1,"negative",-1,"topic_1_negative"
"kandidat_101",2,"negative",-1,"topic_2_negative"
"kandidat_101",3,"negative",-1,"topic_3_negative"
"kandidat_101",4,"negative",-1,"topic_4_negative"
"kandidat_101",5,"negative",-1,"topic_5_negative"
"kandidat_101",6,"negative",-1,"topic_6_negative"
"kandidat_101",7,"negative",-1,"topic_7_negative"
"kandidat_101",8,"positive",1,"topic_8_positive"
"kandidat_101",9,"positive",1,"topic_9_positive"
"kandidat_101",10,"negative",-1,"topic_10_negative"
"kandidat_102",1,"negative",-1,"topic_1_negative"
"kandidat_102",2,"negative",-1,"topic_2_negative"
"kandidat_102",3,"positive",1,"topic_3_positive"
"kandidat_102",4,"negative",-1,"topic_4_negative"
"kandidat_102",5,"positive",1,"topic_5_positive"
"kandidat_102",6,"negative",-1,"topic_6_negative"
"kandidat_102",7,"negative",-1,"topic_7_negative"
"kandidat_102",8,"positive",1,"topic_8_positive"
"kandidat_102",9,"negative",-1,"topic_9_negative"
"kandidat_102",10,"positive",1,"topic_10_positive"
"kandidat_103",1,"negative",-1,"topic_1_negative"
"kandidat_103",2,"negative",-1,"topic_2_negative"
"kandidat_103",3,"negative",-1,"topic_3_negative"
"kandidat_103",4,"negative",-1,"topic_4_negative"
"kandidat_103",5,"positive",1,"topic_5_positive"
"kandidat_103",6,"negative",-1,"topic_6_negative"
"kandidat_103",7,"negative",-1,"topic_7_negative"
"kandidat_103",8,"positive",1,"topic_8_positive"
"kandidat_103",9,"positive",1,"topic_9_positive"
"kandidat_103",10,"negative",-1,"topic_10_negative"
"kandidat_104",1,"positive",1,"topic_1_positive"
"kandidat_104",2,"positive",1,"topic_2_positive"
"kandidat_104",3,"negative",-1,"topic_3_negative"
"kandidat_104",4,"positive",1,"topic_4_positive"
"kandidat_104",5,"negative",-1,"topic_5_negative"
"kandidat_104",6,"positive",1,"topic_6_positive"
"kandidat_104",7,"positive",1,"topic_7_positive"
"kandidat_104",8,"positive",1,"topic_8_positive"
"kandidat_104",9,"negative",-1,"topic_9_negative"
"kandidat_104",10,"positive",1,"topic_10_positive"
"kandidat_105",1,"positive",1,"topic_1_positive"
"kandidat_105",2,"positive",1,"topic_2_positive"
"kandidat_105",3,"negative",-1,"topic_3_negative"
"kandidat_105",4,"positive",1,"topic_4_positive"
"kandidat_105",5,"negative",-1,"topic_5_negative"
"kandidat_105",6,"positive",1,"topic_6_positive"
"kandidat_105",7,"positive",1,"topic_7_positive"
"kandidat_105",8,"positive",1,"topic_8_positive"
"kandidat_105",9,"positive",1,"topic_9_positive"
"kandidat_105",10,"positive",1,"topic_10_positive"
"kandidat_106",1,"positive",1,"topic_1_positive"
"kandidat_106",2,"positive",1,"topic_2_positive"
"kandidat_106",3,"negative",-1,"topic_3_negative"
"kandidat_106",4,"positive",1,"topic_4_positive"
"kandidat_106",5,"negative",-1,"topic_5_negative"
"kandidat_106",6,"positive",1,"topic_6_positive"
"kandidat_106",7,"positive",1,"topic_7_positive"
"kandidat_106",8,"positive",1,"topic_8_positive"
"kandidat_106",9,"negative",-1,"topic_9_negative"
"kandidat_106",10,"positive",1,"topic_10_positive"
"kandidat_107",1,"positive",1,"topic_1_positive"
"kandidat_107",2,"positive",1,"topic_2_positive"
"kandidat_107",3,"negative",-1,"topic_3_negative"
"kandidat_107",4,"positive",1,"topic_4_positive"
"kandidat_107",5,"positive",1,"topic_5_positive"
"kandidat_107",6,"positive",1,"topic_6_positive"
"kandidat_107",7,"positive",1,"topic_7_positive"
"kandidat_107",8,"positive",1,"topic_8_positive"
"kandidat_107",9,"negative",-1,"topic_9_negative"
"kandidat_107",10,"positive",1,"topic_10_positive"
"kandidat_108",1,"positive",1,"topic_1_positive"
"kandidat_108",2,"positive",1,"topic_2_positive"
"kandidat_108",3,"negative",-1,"topic_3_negative"
"kandidat_108",4,"positive",1,"topic_4_positive"
"kandidat_108",5,"negative",-1,"topic_5_negative"
"kandidat_108",6,"negative",-1,"topic_6_negative"
"kandidat_108",7,"positive",1,"topic_7_positive"
"kandidat_108",8,"negative",-1,"topic_8_negative"
"kandidat_108",9,"negative",-1,"topic_9_negative"
"kandidat_108",10,"positive",1,"topic_10_positive"
"kandidat_109",1,"positive",1,"topic_1_positive"
"kandidat_109",2,"positive",1,"topic_2_positive"
"kandidat_109",3,"negative",-1,"topic_3_negative"
"kandidat_109",4,"positive",1,"topic_4_positive"
"kandidat_109",5,"negative",-1,"topic_5_negative"
"kandidat_109",6,"positive",1,"topic_6_positive"
"kandidat_109",7,"positive",1,"topic_7_positive"
"kandidat_109",8,"negative",-1,"topic_8_negative"
"kandidat_109",9,"negative",-1,"topic_9_negative"
"kandidat_109",10,"positive",1,"topic_10_positive"
"kandidat_110",1,"positive",1,"topic_1_positive"
"kandidat_110",2,"positive",1,"topic_2_positive"
"kandidat_110",3,"negative",-1,"topic_3_negative"
"kandidat_110",4,"positive",1,"topic_4_positive"
"kandidat_110",5,"negative",-1,"topic_5_negative"
"kandidat_110",6,"negative",-1,"topic_6_negative"
"kandidat_110",7,"positive",1,"topic_7_positive"
"kandidat_110",8,"negative",-1,"topic_8_negative"
"kandidat_110",9,"negative",-1,"topic_9_negative"
"kandidat_110",10,"positive",1,"topic_10_positive"
"kandidat_111",1,"positive",1,"topic_1_positive"
"kandidat_111",2,"positive",1,"topic_2_positive"
"kandidat_111",3,"negative",-1,"topic_3_negative"
"kandidat_111",4,"positive",1,"topic_4_positive"
"kandidat_111",5,"negative",-1,"topic_5_negative"
"kandidat_111",6,"positive",1,"topic_6_positive"
"kandidat_111",7,"positive",1,"topic_7_positive"
"kandidat_111",8,"negative",-1,"topic_8_negative"
"kandidat_111",9,"negative",-1,"topic_9_negative"
"kandidat_111",10,"positive",1,"topic_10_positive"
"kandidat_112",1,"positive",1,"topic_1_positive"
"kandidat_112",2,"positive",1,"topic_2_positive"
"kandidat_112",3,"negative",-1,"topic_3_negative"
"kandidat_112",4,"positive",1,"topic_4_positive"
"kandidat_112",5,"negative",-1,"topic_5_negative"
"kandidat_112",6,"negative",-1,"topic_6_negative"
"kandidat_112",7,"positive",1,"topic_7_positive"
"kandidat_112",8,"negative",-1,"topic_8_negative"
"kandidat_112",9,"negative",-1,"topic_9_negative"
"kandidat_112",10,"negative",-1,"topic_10_negative"
"kandidat_113",1,"positive",1,"topic_1_positive"
"kandidat_113",2,"positive",1,"topic_2_positive"
"kandidat_113",3,"negative",-1,"topic_3_negative"
"kandidat_113",4,"positive",1,"topic_4_positive"
"kandidat_113",5,"negative",-1,"topic_5_negative"
"kandidat_113",6,"negative",-1,"topic_6_negative"
"kandidat_113",7,"positive",1,"topic_7_positive"
"kandidat_113",8,"positive",1,"topic_8_positive"
"kandidat_113",9,"negative",-1,"topic_9_negative"
"kandidat_113",10,"negative",-1,"topic_10_negative"
"kandidat_114",1,"positive",1,"topic_1_positive"
"kandidat_114",2,"positive",1,"topic_2_positive"
"kandidat_114",3,"negative",-1,"topic_3_negative"
"kandidat_114",4,"positive",1,"topic_4_positive"
"kandidat_114",5,"negative",-1,"topic_5_negative"
"kandidat_114",6,"negative",-1,"topic_6_negative"
"kandidat_114",7,"positive",1,"topic_7_positive"
"kandidat_114",8,"negative",-1,"topic_8_negative"
"kandidat_114",9,"negative",-1,"topic_9_negative"
"kandidat_114",10,"negative",-1,"topic_10_negative"
"kandidat_115",1,"positive",1,"topic_1_positive"
"kandidat_115",2,"positive",1,"topic_2_positive"
"kandidat_115",3,"negative",-1,"topic_3_negative"
"kandidat_115",4,"positive",1,"topic_4_positive"
"kandidat_115",5,"negative",-1,"topic_5_negative"
"kandidat_115",6,"negative",-1,"topic_6_negative"
"kandidat_115",7,"positive",1,"topic_7_positive"
"kandidat_115",8,"negative",-1,"topic_8_negative"
"kandidat_115",9,"negative",-1,"topic_9_negative"
"kandidat_115",10,"positive",1,"topic_10_positive"
"kandidat_116",1,"positive",1,"topic_1_positive"
"kandidat_116",2,"positive",1,"topic_2_positive"
"kandidat_116",3,"negative",-1,"topic_3_negative"
"kandidat_116",4,"positive",1,"topic_4_positive"
"kandidat_116",5,"negative",-1,"topic_5_negative"
"kandidat_116",6,"positive",1,"topic_6_positive"
"kandidat_116",7,"positive",1,"topic_7_positive"
"kandidat_116",8,"negative",-1,"topic_8_negative"
"kandidat_116",9,"negative",-1,"topic_9_negative"
"kandidat_116",10,"positive",1,"topic_10_positive"
"kandidat_117",1,"positive",1,"topic_1_positive"
"kandidat_117",2,"positive",1,"topic_2_positive"
"kandidat_117",3,"negative",-1,"topic_3_negative"
"kandidat_117",4,"positive",1,"topic_4_positive"
"kandidat_117",5,"negative",-1,"topic_5_negative"
"kandidat_117",6,"negative",-1,"topic_6_negative"
"kandidat_117",7,"positive",1,"topic_7_positive"
"kandidat_117",8,"negative",-1,"topic_8_negative"
"kandidat_117",9,"negative",-1,"topic_9_negative"
"kandidat_117",10,"negative",-1,"topic_10_negative"
"kandidat_118",1,"positive",1,"topic_1_positive"
"kandidat_118",2,"positive",1,"topic_2_positive"
"kandidat_118",3,"negative",-1,"topic_3_negative"
"kandidat_118",4,"positive",1,"topic_4_positive"
"kandidat_118",5,"negative",-1,"topic_5_negative"
"kandidat_118",6,"negative",-1,"topic_6_negative"
"kandidat_118",7,"positive",1,"topic_7_positive"
"kandidat_118",8,"positive",1,"topic_8_positive"
"kandidat_118",9,"negative",-1,"topic_9_negative"
"kandidat_118",10,"negative",-1,"topic_10_negative"
"kandidat_119",1,"positive",1,"topic_1_positive"
"kandidat_119",2,"positive",1,"topic_2_positive"
"kandidat_119",3,"negative",-1,"topic_3_negative"
"kandidat_119",4,"positive",1,"topic_4_positive"
"kandidat_119",5,"negative",-1,"topic_5_negative"
"kandidat_119",6,"negative",-1,"topic_6_negative"
"kandidat_119",7,"positive",1,"topic_7_positive"
"kandidat_119",8,"negative",-1,"topic_8_negative"
"kandidat_119",9,"negative",-1,"topic_9_negative"
"kandidat_119",10,"positive",1,"topic_10_positive"
"kandidat_120",1,"positive",1,"topic_1_positive"
"kandidat_120",2,"positive",1,"topic_2_positive"
"kandidat_120",3,"negative",-1,"topic_3_negative"
"kandidat_120",4,"positive",1,"topic_4_positive"
"kandidat_120",5,"positive",1,"topic_5_positive"
"kandidat_120",6,"positive",1,"topic_6_positive"
"kandidat_120",7,"positive",1,"topic_7_positive"
"kandidat_120",8,"negative",-1,"topic_8_negative"
"kandidat_120",9,"negative",-1,"topic_9_negative"
"kandidat_120",10,"negative",-1,"topic_10_negative"
"kandidat_121",1,"positive",1,"topic_1_positive"
"kandidat_121",2,"positive",1,"topic_2_positive"
"kandidat_121",3,"negative",-1,"topic_3_negative"
"kandidat_121",4,"positive",1,"topic_4_positive"
"kandidat_121",5,"negative",-1,"topic_5_negative"
"kandidat_121",6,"positive",1,"topic_6_positive"
"kandidat_121",7,"positive",1,"topic_7_positive"
"kandidat_121",8,"positive",1,"topic_8_positive"
"kandidat_121",9,"negative",-1,"topic_9_negative"
"kandidat_121",10,"negative",-1,"topic_10_negative"
"kandidat_122",1,"positive",1,"topic_1_positive"
"kandidat_122",2,"negative",-1,"topic_2_negative"
"kandidat_122",3,"negative",-1,"topic_3_negative"
"kandidat_122",4,"positive",1,"topic_4_positive"
"kandidat_122",5,"negative",-1,"topic_5_negative"
"kandidat_122",6,"positive",1,"topic_6_positive"
"kandidat_122",7,"positive",1,"topic_7_positive"
"kandidat_122",8,"positive",1,"topic_8_positive"
"kandidat_122",9,"negative",-1,"topic_9_negative"
"kandidat_122",10,"negative",-1,"topic_10_negative"
"kandidat_123",1,"positive",1,"topic_1_positive"
"kandidat_123",2,"positive",1,"topic_2_positive"
"kandidat_123",3,"negative",-1,"topic_3_negative"
"kandidat_123",4,"positive",1,"topic_4_positive"
"kandidat_123",5,"negative",-1,"topic_5_negative"
"kandidat_123",6,"positive",1,"topic_6_positive"
"kandidat_123",7,"positive",1,"topic_7_positive"
"kandidat_123",8,"positive",1,"topic_8_positive"
"kandidat_123",9,"negative",-1,"topic_9_negative"
"kandidat_123",10,"negative",-1,"topic_10_negative"
"kandidat_124",1,"positive",1,"topic_1_positive"
"kandidat_124",2,"positive",1,"topic_2_positive"
"kandidat_124",3,"negative",-1,"topic_3_negative"
"kandidat_124",4,"positive",1,"topic_4_positive"
"kandidat_124",5,"negative",-1,"topic_5_negative"
"kandidat_124",6,"positive",1,"topic_6_positive"
"kandidat_124",7,"positive",1,"topic_7_positive"
"kandidat_124",8,"positive",1,"topic_8_positive"
"kandidat_124",9,"negative",-1,"topic_9_negative"
"kandidat_124",10,"negative",-1,"topic_10_negative"
"kandidat_125",1,"positive",1,"topic_1_positive"
"kandidat_125",2,"positive",1,"topic_2_positive"
"kandidat_125",3,"negative",-1,"topic_3_negative"
"kandidat_125",4,"positive",1,"topic_4_positive"
"kandidat_125",5,"negative",-1,"topic_5_negative"
"kandidat_125",6,"positive",1,"topic_6_positive"
"kandidat_125",7,"positive",1,"topic_7_positive"
"kandidat_125",8,"positive",1,"topic_8_positive"
"kandidat_125",9,"negative",-1,"topic_9_negative"
"kandidat_125",10,"negative",-1,"topic_10_negative"
"kandidat_126",1,"positive",1,"topic_1_positive"
"kandidat_126",2,"positive",1,"topic_2_positive"
"kandidat_126",3,"negative",-1,"topic_3_negative"
"kandidat_126",4,"positive",1,"topic_4_positive"
"kandidat_126",5,"negative",-1,"topic_5_negative"
"kandidat_126",6,"positive",1,"topic_6_positive"
"kandidat_126",7,"positive",1,"topic_7_positive"
"kandidat_126",8,"positive",1,"topic_8_positive"
"kandidat_126",9,"negative",-1,"topic_9_negative"
"kandidat_126",10,"negative",-1,"topic_10_negative"
"kandidat_127",1,"positive",1,"topic_1_positive"
"kandidat_127",2,"negative",-1,"topic_2_negative"
"kandidat_127",3,"negative",-1,"topic_3_negative"
"kandidat_127",4,"negative",-1,"topic_4_negative"
"kandidat_127",5,"negative",-1,"topic_5_negative"
"kandidat_127",6,"positive",1,"topic_6_positive"
"kandidat_127",7,"positive",1,"topic_7_positive"
"kandidat_127",8,"positive",1,"topic_8_positive"
"kandidat_127",9,"negative",-1,"topic_9_negative"
"kandidat_127",10,"negative",-1,"topic_10_negative"
"kandidat_128",1,"positive",1,"topic_1_positive"
"kandidat_128",2,"positive",1,"topic_2_positive"
"kandidat_128",3,"negative",-1,"topic_3_negative"
"kandidat_128",4,"positive",1,"topic_4_positive"
"kandidat_128",5,"negative",-1,"topic_5_negative"
"kandidat_128",6,"positive",1,"topic_6_positive"
"kandidat_128",7,"positive",1,"topic_7_positive"
"kandidat_128",8,"positive",1,"topic_8_positive"
"kandidat_128",9,"negative",-1,"topic_9_negative"
"kandidat_128",10,"negative",-1,"topic_10_negative"
"kandidat_129",1,"positive",1,"topic_1_positive"
"kandidat_129",2,"positive",1,"topic_2_positive"
"kandidat_129",3,"positive",1,"topic_3_positive"
"kandidat_129",4,"positive",1,"topic_4_positive"
"kandidat_129",5,"negative",-1,"topic_5_negative"
"kandidat_129",6,"positive",1,"topic_6_positive"
"kandidat_129",7,"positive",1,"topic_7_positive"
"kandidat_129",8,"positive",1,"topic_8_positive"
"kandidat_129",9,"negative",-1,"topic_9_negative"
"kandidat_129",10,"negative",-1,"topic_10_negative"
"kandidat_130",1,"positive",1,"topic_1_positive"
"kandidat_130",2,"positive",1,"topic_2_positive"
"kandidat_130",3,"negative",-1,"topic_3_negative"
"kandidat_130",4,"positive",1,"topic_4_positive"
"kandidat_130",5,"negative",-1,"topic_5_negative"
"kandidat_130",6,"positive",1,"topic_6_positive"
"kandidat_130",7,"positive",1,"topic_7_positive"
"kandidat_130",8,"positive",1,"topic_8_positive"
"kandidat_130",9,"negative",-1,"topic_9_negative"
"kandidat_130",10,"negative",-1,"topic_10_negative"
"kandidat_131",1,"negative",-1,"topic_1_negative"
"kandidat_131",2,"negative",-1,"topic_2_negative"
"kandidat_131",3,"positive",1,"topic_3_positive"
"kandidat_131",4,"negative",-1,"topic_4_negative"
"kandidat_131",5,"negative",-1,"topic_5_negative"
"kandidat_131",6,"negative",-1,"topic_6_negative"
"kandidat_131",7,"negative",-1,"topic_7_negative"
"kandidat_131",8,"positive",1,"topic_8_positive"
"kandidat_131",9,"positive",1,"topic_9_positive"
"kandidat_131",10,"positive",1,"topic_10_positive"
"kandidat_132",1,"negative",-1,"topic_1_negative"
"kandidat_132",2,"negative",-1,"topic_2_negative"
"kandidat_132",3,"positive",1,"topic_3_positive"
"kandidat_132",4,"negative",-1,"topic_4_negative"
"kandidat_132",5,"negative",-1,"topic_5_negative"
"kandidat_132",6,"negative",-1,"topic_6_negative"
"kandidat_132",7,"negative",-1,"topic_7_negative"
"kandidat_132",8,"positive",1,"topic_8_positive"
"kandidat_132",9,"positive",1,"topic_9_positive"
"kandidat_132",10,"negative",-1,"topic_10_negative"
"kandidat_133",1,"negative",-1,"topic_1_negative"
"kandidat_133",2,"negative",-1,"topic_2_negative"
"kandidat_133",3,"positive",1,"topic_3_positive"
"kandidat_133",4,"negative",-1,"topic_4_negative"
"kandidat_133",5,"negative",-1,"topic_5_negative"
"kandidat_133",6,"negative",-1,"topic_6_negative"
"kandidat_133",7,"negative",-1,"topic_7_negative"
"kandidat_133",8,"positive",1,"topic_8_positive"
"kandidat_133",9,"positive",1,"topic_9_positive"
"kandidat_133",10,"negative",-1,"topic_10_negative"
"kandidat_134",1,"negative",-1,"topic_1_negative"
"kandidat_134",2,"negative",-1,"topic_2_negative"
"kandidat_134",3,"positive",1,"topic_3_positive"
"kandidat_134",4,"negative",-1,"topic_4_negative"
"kandidat_134",5,"negative",-1,"topic_5_negative"
"kandidat_134",6,"negative",-1,"topic_6_negative"
"kandidat_134",7,"positive",1,"topic_7_positive"
"kandidat_134",8,"positive",1,"topic_8_positive"
"kandidat_134",9,"positive",1,"topic_9_positive"
"kandidat_134",10,"negative",-1,"topic_10_negative"
"kandidat_135",1,"negative",-1,"topic_1_negative"
"kandidat_135",2,"negative",-1,"topic_2_negative"
"kandidat_135",3,"positive",1,"topic_3_positive"
"kandidat_135",4,"negative",-1,"topic_4_negative"
"kandidat_135",5,"negative",-1,"topic_5_negative"
"kandidat_135",6,"negative",-1,"topic_6_negative"
"kandidat_135",7,"negative",-1,"topic_7_negative"
"kandidat_135",8,"positive",1,"topic_8_positive"
"kandidat_135",9,"positive",1,"topic_9_positive"
"kandidat_135",10,"negative",-1,"topic_10_negative"
"kandidat_136",1,"negative",-1,"topic_1_negative"
"kandidat_136",2,"negative",-1,"topic_2_negative"
"kandidat_136",3,"positive",1,"topic_3_positive"
"kandidat_136",4,"negative",-1,"topic_4_negative"
"kandidat_136",5,"negative",-1,"topic_5_negative"
"kandidat_136",6,"negative",-1,"topic_6_negative"
"kandidat_136",7,"negative",-1,"topic_7_negative"
"kandidat_136",8,"positive",1,"topic_8_positive"
"kandidat_136",9,"positive",1,"topic_9_positive"
"kandidat_136",10,"negative",-1,"topic_10_negative"
"kandidat_137",1,"negative",-1,"topic_1_negative"
"kandidat_137",2,"negative",-1,"topic_2_negative"
"kandidat_137",3,"positive",1,"topic_3_positive"
"kandidat_137",4,"negative",-1,"topic_4_negative"
"kandidat_137",5,"positive",1,"topic_5_positive"
"kandidat_137",6,"negative",-1,"topic_6_negative"
"kandidat_137",7,"negative",-1,"topic_7_negative"
"kandidat_137",8,"positive",1,"topic_8_positive"
"kandidat_137",9,"positive",1,"topic_9_positive"
"kandidat_137",10,"negative",-1,"topic_10_negative"
"kandidat_138",1,"negative",-1,"topic_1_negative"
"kandidat_138",2,"negative",-1,"topic_2_negative"
"kandidat_138",3,"positive",1,"topic_3_positive"
"kandidat_138",4,"negative",-1,"topic_4_negative"
"kandidat_138",5,"negative",-1,"topic_5_negative"
"kandidat_138",6,"negative",-1,"topic_6_negative"
"kandidat_138",7,"negative",-1,"topic_7_negative"
"kandidat_138",8,"positive",1,"topic_8_positive"
"kandidat_138",9,"positive",1,"topic_9_positive"
"kandidat_138",10,"negative",-1,"topic_10_negative"
"kandidat_139",1,"negative",-1,"topic_1_negative"
"kandidat_139",2,"negative",-1,"topic_2_negative"
"kandidat_139",3,"positive",1,"topic_3_positive"
"kandidat_139",4,"negative",-1,"topic_4_negative"
"kandidat_139",5,"positive",1,"topic_5_positive"
"kandidat_139",6,"negative",-1,"topic_6_negative"
"kandidat_139",7,"negative",-1,"topic_7_negative"
"kandidat_139",8,"positive",1,"topic_8_positive"
"kandidat_139",9,"positive",1,"topic_9_positive"
"kandidat_139",10,"negative",-1,"topic_10_negative"
"kandidat_140",1,"negative",-1,"topic_1_negative"
"kandidat_140",2,"negative",-1,"topic_2_negative"
"kandidat_140",3,"positive",1,"topic_3_positive"
"kandidat_140",4,"negative",-1,"topic_4_negative"
"kandidat_140",5,"positive",1,"topic_5_positive"
"kandidat_140",6,"negative",-1,"topic_6_negative"
"kandidat_140",7,"negative",-1,"topic_7_negative"
"kandidat_140",8,"positive",1,"topic_8_positive"
"kandidat_140",9,"positive",1,"topic_9_positive"
"kandidat_140",10,"negative",-1,"topic_10_negative"
"kandidat_141",1,"negative",-1,"topic_1_negative"
"kandidat_141",2,"negative",-1,"topic_2_negative"
"kandidat_141",3,"negative",-1,"topic_3_negative"
"kandidat_141",4,"negative",-1,"topic_4_negative"
"kandidat_141",5,"negative",-1,"topic_5_negative"
"kandidat_141",6,"negative",-1,"topic_6_negative"
"kandidat_141",7,"negative",-1,"topic_7_negative"
"kandidat_141",8,"positive",1,"topic_8_positive"
"kandidat_141",9,"positive",1,"topic_9_positive"
"kandidat_141",10,"negative",-1,"topic_10_negative"
"kandidat_142",1,"negative",-1,"topic_1_negative"
"kandidat_142",2,"negative",-1,"topic_2_negative"
"kandidat_142",3,"positive",1,"topic_3_positive"
"kandidat_142",4,"negative",-1,"topic_4_negative"
"kandidat_142",5,"negative",-1,"topic_5_negative"
"kandidat_142",6,"negative",-1,"topic_6_negative"
"kandidat_142",7,"negative",-1,"topic_7_negative"
"kandidat_142",8,"positive",1,"topic_8_positive"
"kandidat_142",9,"positive",1,"topic_9_positive"
"kandidat_142",10,"negative",-1,"topic_10_negative"
"kandidat_143",1,"negative",-1,"topic_1_negative"
"kandidat_143",2,"negative",-1,"topic_2_negative"
"kandidat_143",3,"positive",1,"topic_3_positive"
"kandidat_143",4,"negative",-1,"topic_4_negative"
"kandidat_143",5,"positive",1,"topic_5_positive"
"kandidat_143",6,"negative",-1,"topic_6_negative"
"kandidat_143",7,"negative",-1,"topic_7_negative"
"kandidat_143",8,"positive",1,"topic_8_positive"
"kandidat_143",9,"positive",1,"topic_9_positive"
"kandidat_143",10,"positive",1,"topic_10_positive"
"kandidat_144",1,"negative",-1,"topic_1_negative"
"kandidat_144",2,"negative",-1,"topic_2_negative"
"kandidat_144",3,"positive",1,"topic_3_positive"
"kandidat_144",4,"negative",-1,"topic_4_negative"
"kandidat_144",5,"negative",-1,"topic_5_negative"
"kandidat_144",6,"negative",-1,"topic_6_negative"
"kandidat_144",7,"negative",-1,"topic_7_negative"
"kandidat_144",8,"positive",1,"topic_8_positive"
"kandidat_144",9,"positive",1,"topic_9_positive"
"kandidat_144",10,"negative",-1,"topic_10_negative"
"kandidat_145",1,"negative",-1,"topic_1_negative"
"kandidat_145",2,"negative",-1,"topic_2_negative"
"kandidat_145",3,"positive",1,"topic_3_positive"
"kandidat_145",4,"negative",-1,"topic_4_negative"
"kandidat_145",5,"negative",-1,"topic_5_negative"
"kandidat_145",6,"negative",-1,"topic_6_negative"
"kandidat_145",7,"negative",-1,"topic_7_negative"
"kandidat_145",8,"positive",1,"topic_8_positive"
"kandidat_145",9,"positive",1,"topic_9_positive"
"kandidat_145",10,"negative",-1,"topic_10_negative"
"kandidat_146",1,"negative",-1,"topic_1_negative"
"kandidat_146",2,"negative",-1,"topic_2_negative"
"kandidat_146",3,"positive",1,"topic_3_positive"
"kandidat_146",4,"negative",-1,"topic_4_negative"
"kandidat_146",5,"positive",1,"topic_5_positive"
"kandidat_146",6,"negative",-1,"topic_6_negative"
"kandidat_146",7,"negative",-1,"topic_7_negative"
"kandidat_146",8,"positive",1,"topic_8_positive"
"kandidat_146",9,"positive",1,"topic_9_positive"
"kandidat_146",10,"negative",-1,"topic_10_negative"
"kandidat_147",1,"negative",-1,"topic_1_negative"
"kandidat_147",2,"negative",-1,"topic_2_negative"
"kandidat_147",3,"positive",1,"topic_3_positive"
"kandidat_147",4,"negative",-1,"topic_4_negative"
"kandidat_147",5,"negative",-1,"topic_5_negative"
"kandidat_147",6,"negative",-1,"topic_6_negative"
"kandidat_147",7,"negative",-1,"topic_7_negative"
"kandidat_147",8,"positive",1,"topic_8_positive"
"kandidat_147",9,"positive",1,"topic_9_positive"
"kandidat_147",10,"negative",-1,"topic_10_negative"
"kandidat_148",1,"negative",-1,"topic_1_negative"
"kandidat_148",2,"positive",1,"topic_2_positive"
"kandidat_148",3,"positive",1,"topic_3_positive"
"kandidat_148",4,"positive",1,"topic_4_positive"
"kandidat_148",5,"positive",1,"topic_5_positive"
"kandidat_148",6,"negative",-1,"topic_6_negative"
"kandidat_148",7,"negative",-1,"topic_7_negative"
"kandidat_148",8,"positive",1,"topic_8_positive"
"kandidat_148",9,"positive",1,"topic_9_positive"
"kandidat_148",10,"negative",-1,"topic_10_negative"
"kandidat_149",1,"negative",-1,"topic_1_negative"
"kandidat_149",2,"negative",-1,"topic_2_negative"
"kandidat_149",3,"positive",1,"topic_3_positive"
"kandidat_149",4,"negative",-1,"topic_4_negative"
"kandidat_149",5,"positive",1,"topic_5_positive"
"kandidat_149",6,"negative",-1,"topic_6_negative"
"kandidat_149",7,"negative",-1,"topic_7_negative"
"kandidat_149",8,"positive",1,"topic_8_positive"
"kandidat_149",9,"positive",1,"topic_9_positive"
"kandidat_149",10,"negative",-1,"topic_10_negative"
"kandidat_150",1,"negative",-1,"topic_1_negative"
"kandidat_150",2,"negative",-1,"topic_2_negative"
"kandidat_150",3,"positive",1,"topic_3_positive"
"kandidat_150",4,"negative",-1,"topic_4_negative"
"kandidat_150",5,"positive",1,"topic_5_positive"
"kandidat_150",6,"negative",-1,"topic_6_negative"
"kandidat_150",7,"negative",-1,"topic_7_negative"
"kandidat_150",8,"positive",1,"topic_8_positive"
"kandidat_150",9,"positive",1,"topic_9_positive"
"kandidat_150",10,"negative",-1,"topic_10_negative"
"kandidat_151",1,"negative",-1,"topic_1_negative"
"kandidat_151",2,"negative",-1,"topic_2_negative"
"kandidat_151",3,"negative",-1,"topic_3_negative"
"kandidat_151",4,"negative",-1,"topic_4_negative"
"kandidat_151",5,"positive",1,"topic_5_positive"
"kandidat_151",6,"negative",-1,"topic_6_negative"
"kandidat_151",7,"negative",-1,"topic_7_negative"
"kandidat_151",8,"positive",1,"topic_8_positive"
"kandidat_151",9,"positive",1,"topic_9_positive"
"kandidat_151",10,"negative",-1,"topic_10_negative"
"kandidat_152",1,"negative",-1,"topic_1_negative"
"kandidat_152",2,"positive",1,"topic_2_positive"
"kandidat_152",3,"positive",1,"topic_3_positive"
"kandidat_152",4,"negative",-1,"topic_4_negative"
"kandidat_152",5,"negative",-1,"topic_5_negative"
"kandidat_152",6,"negative",-1,"topic_6_negative"
"kandidat_152",7,"negative",-1,"topic_7_negative"
"kandidat_152",8,"positive",1,"topic_8_positive"
"kandidat_152",9,"positive",1,"topic_9_positive"
"kandidat_152",10,"negative",-1,"topic_10_negative"
"kandidat_153",1,"negative",-1,"topic_1_negative"
"kandidat_153",2,"negative",-1,"topic_2_negative"
"kandidat_153",3,"positive",1,"topic_3_positive"
"kandidat_153",4,"negative",-1,"topic_4_negative"
"kandidat_153",5,"negative",-1,"topic_5_negative"
"kandidat_153",6,"negative",-1,"topic_6_negative"
"kandidat_153",7,"negative",-1,"topic_7_negative"
"kandidat_153",8,"positive",1,"topic_8_positive"
"kandidat_153",9,"positive",1,"topic_9_positive"
"kandidat_153",10,"negative",-1,"topic_10_negative"
"kandidat_154",1,"negative",-1,"topic_1_negative"
"kandidat_154",2,"negative",-1,"topic_2_negative"
"kandidat_154",3,"negative",-1,"topic_3_negative"
"kandidat_154",4,"negative",-1,"topic_4_negative"
"kandidat_154",5,"positive",1,"topic_5_positive"
"kandidat_154",6,"negative",-1,"topic_6_negative"
"kandidat_154",7,"negative",-1,"topic_7_negative"
"kandidat_154",8,"positive",1,"topic_8_positive"
"kandidat_154",9,"positive",1,"topic_9_positive"
"kandidat_154",10,"negative",-1,"topic_10_negative"
"kandidat_155",1,"negative",-1,"topic_1_negative"
"kandidat_155",2,"negative",-1,"topic_2_negative"
"kandidat_155",3,"positive",1,"topic_3_positive"
"kandidat_155",4,"negative",-1,"topic_4_negative"
"kandidat_155",5,"positive",1,"topic_5_positive"
"kandidat_155",6,"negative",-1,"topic_6_negative"
"kandidat_155",7,"negative",-1,"topic_7_negative"
"kandidat_155",8,"positive",1,"topic_8_positive"
"kandidat_155",9,"positive",1,"topic_9_positive"
"kandidat_155",10,"positive",1,"topic_10_positive"
"kandidat_156",1,"negative",-1,"topic_1_negative"
"kandidat_156",2,"positive",1,"topic_2_positive"
"kandidat_156",3,"positive",1,"topic_3_positive"
"kandidat_156",4,"positive",1,"topic_4_positive"
"kandidat_156",5,"positive",1,"topic_5_positive"
"kandidat_156",6,"negative",-1,"topic_6_negative"
"kandidat_156",7,"negative",-1,"topic_7_negative"
"kandidat_156",8,"positive",1,"topic_8_positive"
"kandidat_156",9,"positive",1,"topic_9_positive"
"kandidat_156",10,"negative",-1,"topic_10_negative"
"kandidat_157",1,"negative",-1,"topic_1_negative"
"kandidat_157",2,"positive",1,"topic_2_positive"
"kandidat_157",3,"positive",1,"topic_3_positive"
"kandidat_157",4,"negative",-1,"topic_4_negative"
"kandidat_157",5,"negative",-1,"topic_5_negative"
"kandidat_157",6,"negative",-1,"topic_6_negative"
"kandidat_157",7,"negative",-1,"topic_7_negative"
"kandidat_157",8,"positive",1,"topic_8_positive"
"kandidat_157",9,"positive",1,"topic_9_positive"
"kandidat_157",10,"negative",-1,"topic_10_negative"
